emp_id,gender,age,department,position,education_level,years_experience,performance_score,salary,promoted
1,Male,33,Marketing,Senior Manager,Bachelors,5.6,3.04,57723.52,0
2,Female,37,Sales,Executive,Masters,17.0,3.54,64551.08240000001,0
3,Female,45,Sales,Manager,Masters,10.1,3.3,78847.5328,0
4,Female,40,Sales,Senior Manager,Bachelors,7.3,3.59,46408.5996,1
5,Male,29,Engineering,Manager,PhD,8.3,3.68,58039.83,0
6,Male,52,Engineering,Director,Bachelors,8.6,3.87,55790.87,1
7,Male,42,HR,Director,Bachelors,8.7,1.47,74895.95,0
8,Female,38,Sales,Manager,Masters,6.0,3.76,81519.1208,0
9,Female,44,Marketing,Executive,Masters,5.4,3.22,36665.66160000001,0
10,Female,58,Marketing,Director,Masters,6.4,3.01,65702.7016,0
11,Male,37,Sales,Manager,Masters,2.4,4.06,56136.69,0
12,Female,27,Sales,Executive,Masters,9.9,4.53,78274.55679999999,0
13,Female,29,Sales,Executive,Masters,3.8,3.98,61129.8416,0
14,Male,46,Engineering,Manager,Bachelors,2.8,3.14,71960.11,1
15,Male,39,Engineering,Director,Bachelors,6.9,2.75,69979.95,1
16,Male,46,Engineering,Senior Manager,Bachelors,6.5,1.4,86863.28,0
17,Male,33,Finance,Manager,Bachelors,8.0,3.63,100729.47,1
18,Male,36,Marketing,Executive,Masters,4.7,3.91,52980.02,0
19,Male,47,Marketing,Executive,Bachelors,5.4,3.43,55711.66,1
20,Male,47,HR,Senior Manager,Bachelors,9.8,4.15,74822.47,0
21,Female,53,Engineering,Executive,Bachelors,9.5,2.58,53133.6432,1
22,Male,31,Finance,Executive,PhD,9.4,3.38,84003.76,0
23,Male,37,Finance,Executive,PhD,7.1,3.32,86411.76,0
24,Male,28,Marketing,Manager,Masters,7.7,3.42,61801.36,1
25,Male,38,Engineering,Director,PhD,7.9,4.32,58546.94,0
26,Female,44,HR,Executive,Masters,4.4,3.43,60608.0452,1
27,Male,47,Engineering,Manager,Masters,12.9,3.29,71560.27,0
28,Male,42,Sales,Manager,Bachelors,12.3,2.84,74722.56,1
29,Female,43,Engineering,Director,Masters,10.2,4.43,33311.1208,1
30,Male,28,Sales,Executive,Masters,5.3,2.5,55488.17,0
31,Female,35,Sales,Manager,Masters,9.2,3.11,58823.429200000006,0
32,Male,36,HR,Executive,Masters,10.9,4.69,58045.16,0
33,Male,28,Marketing,Senior Manager,Masters,2.1,3.83,27029.35,1
34,Female,30,Engineering,Manager,Masters,13.8,3.49,38340.457200000004,0
35,Female,29,Sales,Executive,PhD,0.0,3.52,46386.05040000001,0
36,Female,44,Engineering,Manager,Bachelors,9.8,2.84,62809.08080000001,0
37,Male,50,Marketing,Senior Manager,Masters,12.8,3.45,63456.97,1
38,Male,39,Marketing,Executive,Bachelors,6.5,3.26,60526.46,0
39,Female,52,Finance,Senior Manager,Masters,6.4,3.63,75391.9024,0
40,Male,51,Marketing,Executive,Masters,9.7,2.45,81942.0,0
41,Male,56,HR,Manager,Bachelors,14.4,3.78,72248.78,0
42,Male,39,Sales,Manager,Masters,5.9,4.21,71801.8,0
43,Male,38,Finance,Senior Manager,Bachelors,3.9,3.36,57150.09,0
44,Female,35,HR,Executive,Masters,5.3,3.95,54229.51040000001,0
45,Male,52,Engineering,Senior Manager,Bachelors,0.8,3.72,44385.26,0
46,Female,45,Sales,Senior Manager,Masters,10.6,3.07,60939.6316,1
47,Male,56,Marketing,Manager,Bachelors,4.9,2.76,81786.12,0
48,Male,55,Sales,Senior Manager,Masters,6.2,2.86,90314.95,1
49,Male,24,Engineering,Senior Manager,Bachelors,10.6,3.71,66328.3,0
50,Male,58,Finance,Executive,Masters,5.5,3.46,77375.03,1
51,Female,47,Finance,Executive,PhD,10.0,4.39,24987.3472,0
52,Female,44,Finance,Director,PhD,2.8,4.05,58425.59360000001,1
53,Female,36,Marketing,Executive,Masters,10.8,4.05,58102.1952,0
54,Female,25,HR,Senior Manager,Masters,8.4,3.68,84978.1184,0
55,Female,50,HR,Director,Bachelors,6.6,2.83,69822.48,0
56,Female,43,Sales,Executive,Bachelors,7.5,3.73,71220.7236,0
57,Male,46,Marketing,Manager,Bachelors,1.9,3.54,76634.92,0
58,Male,34,Finance,Manager,Masters,7.4,2.7,70681.64,0
59,Male,39,Finance,Manager,PhD,6.4,4.35,92985.48,1
60,Male,54,Engineering,Executive,Bachelors,2.0,4.27,35420.81,0
61,Male,37,Engineering,Executive,PhD,4.3,2.7,72193.16,0
62,Male,23,Finance,Manager,Masters,6.5,3.05,86947.04,1
63,Female,56,Finance,Senior Manager,Masters,4.6,3.12,38298.772,0
64,Male,55,Marketing,Senior Manager,Bachelors,0.0,3.93,82568.77,0
65,Male,51,HR,Manager,Bachelors,11.3,3.85,58582.55,1
66,Male,34,Engineering,Executive,Masters,6.4,3.53,71647.24,0
67,Male,34,HR,Manager,Masters,0.0,3.69,58294.61,0
68,Female,39,Marketing,Executive,Bachelors,15.5,2.6,77636.2976,1
69,Male,53,Finance,Director,Masters,12.0,3.77,65674.57,1
70,Female,53,HR,Senior Manager,Masters,5.6,3.43,76071.994,0
71,Female,56,Finance,Senior Manager,Masters,3.6,3.02,70407.554,0
72,Male,50,Finance,Director,PhD,8.6,2.43,58093.11,1
73,Male,50,Sales,Executive,Bachelors,7.8,3.52,77527.89,0
74,Female,37,HR,Senior Manager,Bachelors,9.2,3.75,55242.743200000004,0
75,Female,31,HR,Executive,Masters,3.6,2.31,65284.966400000005,0
76,Female,51,Finance,Director,Bachelors,11.4,3.51,60168.9936,0
77,Female,46,Marketing,Executive,Bachelors,5.1,3.59,76818.7856,0
78,Male,41,Sales,Senior Manager,Bachelors,9.7,3.11,78104.83,0
79,Male,26,Finance,Senior Manager,Bachelors,3.8,3.77,69539.18,0
80,Male,22,Engineering,Executive,Bachelors,17.6,3.41,59714.32,0
81,Female,51,Engineering,Executive,Bachelors,9.8,3.7,46887.9196,1
82,Female,24,Sales,Senior Manager,Bachelors,18.5,3.87,66272.062,0
83,Male,35,Marketing,Manager,Bachelors,10.3,3.87,60515.64,0
84,Male,51,Finance,Executive,Masters,4.8,4.21,41830.06,0
85,Male,25,HR,Executive,Masters,10.3,3.74,50049.57,0
86,Male,39,Sales,Executive,Masters,10.6,3.17,94388.13,0
87,Female,58,Marketing,Senior Manager,Bachelors,8.5,3.05,55292.322,0
88,Female,46,HR,Manager,Bachelors,9.5,2.76,79333.8448,0
89,Female,22,Engineering,Executive,Masters,10.0,3.61,59478.23,0
90,Male,36,Engineering,Executive,Masters,3.0,4.42,88593.66,0
91,Male,30,HR,Executive,Masters,2.7,3.25,87507.46,0
92,Female,36,Sales,Executive,Bachelors,3.8,3.81,53005.4044,0
93,Female,45,Engineering,Manager,PhD,7.5,2.97,36965.9312,0
94,Female,25,Finance,Executive,Bachelors,6.1,3.64,38134.1748,0
95,Female,33,HR,Executive,Bachelors,3.1,4.38,53240.473600000005,0
96,Male,58,HR,Senior Manager,Masters,10.1,3.98,98344.52,0
97,Male,58,Engineering,Executive,Masters,8.1,2.4,63841.57,1
98,Male,27,Sales,Manager,Bachelors,7.7,3.9,72178.66,1
99,Male,45,Finance,Manager,Bachelors,6.0,3.93,89550.05,0
100,Male,32,Sales,Manager,Masters,5.5,3.62,71654.82,1
101,Male,34,Marketing,Manager,Bachelors,3.6,3.97,71138.37,0
102,Female,55,Marketing,Manager,Bachelors,10.7,2.92,72992.754,1
103,Male,46,Engineering,Senior Manager,Bachelors,4.2,3.54,74334.55,0
104,Male,28,Engineering,Manager,Masters,7.8,4.28,68507.99,0
105,Female,25,Engineering,Manager,Bachelors,13.6,4.21,54443.999200000006,0
106,Male,29,Marketing,Senior Manager,PhD,5.7,3.88,71177.33,1
107,Male,41,Sales,Manager,Masters,10.8,2.88,86416.0,1
108,Female,50,Sales,Executive,PhD,9.3,2.77,88991.66440000001,0
109,Male,31,Engineering,Executive,PhD,8.2,3.58,74384.15,1
110,Male,55,Finance,Executive,Bachelors,8.7,3.63,81327.42,1
111,Male,47,Sales,Senior Manager,Bachelors,6.6,3.43,74045.96,0
112,Male,24,Marketing,Senior Manager,Bachelors,7.1,2.94,68690.06,0
113,Female,27,HR,Director,Bachelors,4.8,3.81,71496.7512,0
114,Female,26,HR,Manager,Masters,7.2,3.58,80812.7908,0
115,Female,26,HR,Manager,Bachelors,4.7,3.7,52168.2044,0
116,Female,44,Finance,Executive,Bachelors,11.0,3.92,44370.726,0
117,Female,30,Engineering,Manager,Bachelors,0.2,3.31,57044.4896,0
118,Male,56,Marketing,Manager,PhD,8.9,3.16,73174.93,0
119,Female,41,Finance,Director,Bachelors,8.3,4.28,76404.2244,0
120,Male,56,Marketing,Executive,Bachelors,8.0,2.97,55157.38,0
121,Female,39,Marketing,Manager,Bachelors,11.1,3.17,30057.642,0
122,Female,38,Engineering,Manager,PhD,5.9,4.36,57369.6084,1
123,Male,45,HR,Manager,Masters,8.0,3.12,67091.29,1
124,Male,24,Engineering,Manager,Bachelors,0.1,3.43,52565.9,0
125,Male,53,Finance,Senior Manager,Bachelors,5.3,3.21,58658.64,0
126,Male,56,Finance,Executive,Bachelors,10.4,2.25,83009.25,0
127,Female,59,Finance,Senior Manager,Bachelors,1.6,3.41,65478.056000000004,0
128,Female,34,Engineering,Manager,PhD,7.6,2.79,69169.5836,0
129,Male,46,Marketing,Senior Manager,Masters,4.3,3.68,64664.77,1
130,Male,30,Marketing,Senior Manager,Bachelors,6.6,4.27,58688.34,0
131,Male,25,Sales,Executive,Masters,4.5,1.95,64556.53,0
132,Male,35,Finance,Executive,Bachelors,2.0,3.22,77483.2,0
133,Male,58,Marketing,Director,Masters,8.5,3.82,47630.2,0
134,Male,55,Sales,Manager,Masters,6.8,1.97,94752.55,1
135,Female,32,Marketing,Director,Bachelors,9.5,4.44,72333.04960000001,0
136,Male,24,Finance,Executive,Masters,10.2,3.77,61961.8,0
137,Male,49,HR,Manager,Bachelors,11.9,4.26,82201.11,0
138,Female,50,Finance,Senior Manager,Bachelors,7.5,3.11,81268.4208,0
139,Male,30,Engineering,Director,Bachelors,12.1,3.19,65044.93,0
140,Female,24,Marketing,Executive,Bachelors,3.1,3.39,61411.1316,0
141,Female,46,Marketing,Senior Manager,Masters,10.6,5.0,85009.9412,0
142,Male,55,Engineering,Manager,PhD,8.8,4.42,101784.63,0
143,Male,33,Engineering,Executive,Masters,7.9,3.59,70441.53,0
144,Male,30,HR,Manager,Masters,8.8,3.68,52626.78,1
145,Male,36,Marketing,Manager,Masters,3.2,3.94,62940.97,0
146,Male,46,Marketing,Director,Bachelors,2.2,5.0,85495.24,1
147,Female,26,HR,Manager,Bachelors,13.8,3.77,50183.028399999996,0
148,Male,32,Sales,Executive,Bachelors,6.3,3.53,66875.75,0
149,Male,55,HR,Executive,Masters,6.3,3.26,74388.77,0
150,Male,45,Finance,Manager,PhD,2.6,3.66,56159.28,0
151,Female,36,Marketing,Executive,Bachelors,1.1,3.09,79530.79840000001,0
152,Male,59,Engineering,Senior Manager,Masters,6.6,3.85,80409.51,0
153,Male,29,Finance,Executive,Masters,5.6,2.5,100143.19,0
154,Male,26,Marketing,Director,Masters,7.0,3.32,81721.91,0
155,Female,47,HR,Director,Bachelors,7.3,4.01,51139.72720000001,0
156,Male,39,Finance,Manager,Bachelors,17.0,3.76,77955.54,0
157,Female,27,Marketing,Director,Bachelors,5.6,3.18,78034.70360000001,0
158,Female,58,Sales,Senior Manager,Bachelors,13.3,3.34,78744.80559999999,1
159,Male,34,Sales,Manager,Bachelors,13.6,4.22,58347.37,0
160,Female,49,Engineering,Executive,Masters,10.0,2.65,52030.5356,0
161,Male,26,Marketing,Manager,Bachelors,6.1,2.66,52905.44,1
162,Female,34,Sales,Manager,Masters,1.6,2.85,86545.3016,1
163,Female,38,HR,Senior Manager,Masters,8.9,3.49,72995.72559999999,0
164,Male,53,Marketing,Manager,Masters,11.1,2.55,57681.72,0
165,Male,50,HR,Senior Manager,Bachelors,14.0,4.17,71907.83,0
166,Female,24,HR,Manager,Masters,3.2,2.85,62693.1148,0
167,Male,55,Sales,Executive,PhD,6.0,3.66,55411.28,0
168,Male,48,Marketing,Director,Bachelors,3.2,3.09,70542.76,0
169,Male,34,Finance,Manager,Bachelors,4.5,3.45,72860.43,0
170,Female,54,Sales,Executive,Masters,9.7,2.38,91051.296,0
171,Female,27,Sales,Manager,Bachelors,4.3,4.2,55351.514800000004,0
172,Male,45,Marketing,Executive,Bachelors,3.7,2.83,44359.01,0
173,Male,40,Marketing,Manager,Bachelors,10.2,2.75,54265.69,1
174,Male,37,HR,Manager,Bachelors,8.8,5.0,56610.29,0
175,Female,49,Marketing,Manager,Masters,8.4,3.89,58508.402799999996,0
176,Male,54,HR,Director,Bachelors,4.4,4.17,54302.44,1
177,Female,34,Sales,Manager,Masters,12.2,3.82,75745.28360000001,0
178,Male,46,Engineering,Executive,Masters,7.1,3.18,53259.51,0
179,Female,57,Finance,Manager,Masters,16.5,2.59,64676.248400000004,0
180,Male,48,Sales,Director,Masters,7.6,3.29,100002.88,1
181,Male,59,Marketing,Executive,Masters,0.0,2.82,78303.52,0
182,Male,28,Finance,Executive,Bachelors,0.0,2.86,76761.36,1
183,Female,26,Engineering,Executive,Masters,9.5,2.39,90030.96080000002,0
184,Female,52,Engineering,Executive,Masters,12.2,3.58,81589.96080000002,0
185,Male,44,HR,Senior Manager,Masters,3.9,4.6,78476.87,1
186,Female,31,Finance,Senior Manager,Masters,15.4,3.89,60111.972,0
187,Female,53,HR,Executive,Bachelors,13.7,3.43,64086.8964,0
188,Female,51,Sales,Manager,Bachelors,7.8,3.47,63416.0048,1
189,Male,52,Finance,Executive,Masters,9.2,1.37,63978.62,0
190,Male,39,Sales,Director,Bachelors,10.6,3.2,73180.55,0
191,Male,57,HR,Director,Masters,14.6,2.5,75261.22,1
192,Female,23,Finance,Executive,Bachelors,9.7,3.59,47224.1244,1
193,Female,35,HR,Senior Manager,Bachelors,7.8,3.32,86922.1888,0
194,Female,34,Finance,Senior Manager,Bachelors,9.7,2.89,70055.2032,1
195,Male,50,HR,Executive,Bachelors,9.1,3.58,66058.26,0
196,Male,33,Engineering,Executive,Masters,10.7,3.57,73317.64,1
197,Female,23,HR,Manager,Bachelors,0.7,4.56,77239.0876,1
198,Female,53,Engineering,Senior Manager,PhD,8.3,3.98,44159.724,0
199,Female,34,HR,Director,Masters,8.8,3.65,62950.1628,0
200,Female,48,Finance,Senior Manager,Bachelors,6.7,2.84,48035.18720000001,0
201,Female,38,Finance,Senior Manager,Masters,10.1,2.75,101066.65520000001,0
202,Male,52,Finance,Manager,Masters,14.7,3.92,72072.79,0
203,Male,55,Marketing,Senior Manager,Masters,7.6,3.36,52333.82,0
204,Female,45,Sales,Senior Manager,Bachelors,9.8,3.67,114072.64,0
205,Female,56,Finance,Executive,Masters,13.4,4.18,57002.94240000001,0
206,Male,27,Engineering,Manager,Masters,7.6,2.44,66863.8,1
207,Male,40,Finance,Senior Manager,Bachelors,3.4,4.48,67948.03,0
208,Female,51,Marketing,Executive,Bachelors,9.5,4.18,52698.244,0
209,Male,28,Engineering,Senior Manager,Masters,0.0,2.06,73710.28,0
210,Male,31,Marketing,Executive,Bachelors,0.0,5.0,36838.9,1
211,Male,53,Engineering,Manager,Masters,8.3,3.72,86288.48,1
212,Female,55,HR,Senior Manager,Bachelors,0.0,3.17,48836.295600000005,1
213,Female,49,Sales,Executive,PhD,1.7,3.86,58668.5656,0
214,Male,36,Sales,Executive,Masters,5.5,2.82,81272.8,0
215,Female,51,Marketing,Manager,Bachelors,4.1,3.88,61578.433600000004,0
216,Male,58,Sales,Senior Manager,Bachelors,6.4,2.94,67546.78,1
217,Male,50,Marketing,Executive,Masters,11.5,4.91,54818.84,0
218,Female,43,Marketing,Director,Masters,8.0,3.54,93319.9424,1
219,Female,25,Marketing,Executive,Masters,3.6,3.95,71734.4608,0
220,Female,41,Sales,Director,Bachelors,12.4,2.95,49457.5716,1
221,Female,53,Marketing,Director,Bachelors,1.3,4.07,66858.9208,0
222,Female,57,Sales,Manager,Bachelors,7.9,3.49,48482.1416,0
223,Male,25,Marketing,Manager,Masters,0.8,2.51,95836.21,1
224,Male,48,Finance,Manager,Bachelors,8.0,3.33,72994.57,1
225,Male,38,Marketing,Manager,Bachelors,5.7,4.85,55366.8,0
226,Male,33,Engineering,Executive,Masters,11.3,4.1,80463.86,0
227,Female,43,Marketing,Executive,PhD,9.9,3.23,60562.5512,0
228,Male,38,HR,Executive,Bachelors,4.7,2.19,50676.57,0
229,Female,31,Marketing,Manager,Bachelors,3.9,2.92,69658.444,0
230,Female,22,Engineering,Executive,Masters,5.7,2.52,69269.21960000001,0
231,Female,43,Engineering,Manager,Masters,14.5,2.21,80100.72,0
232,Male,47,Sales,Director,Bachelors,13.5,4.05,70967.55,0
233,Female,39,Finance,Executive,PhD,3.1,3.54,65877.428,0
234,Male,35,Marketing,Manager,Masters,10.2,4.76,72402.0,0
235,Male,50,Sales,Manager,Bachelors,0.1,2.8,93929.24,0
236,Female,33,Finance,Senior Manager,Bachelors,5.2,3.5,60120.988000000005,0
237,Male,57,Marketing,Director,Masters,3.3,2.52,77041.82,0
238,Male,56,HR,Senior Manager,Masters,11.3,3.08,79251.18,0
239,Female,33,Marketing,Director,Bachelors,1.8,3.34,69226.91799999999,0
240,Male,28,Engineering,Executive,Masters,8.7,3.24,64781.43,1
241,Female,50,Engineering,Senior Manager,Masters,7.0,3.54,66064.3352,1
242,Female,32,HR,Senior Manager,Bachelors,6.3,4.18,63107.51960000001,1
243,Female,54,Sales,Executive,Masters,13.7,4.11,91437.10720000001,0
244,Male,27,Finance,Director,PhD,14.0,2.96,63133.54,0
245,Male,36,Marketing,Executive,Bachelors,6.4,3.48,56311.32,0
246,Female,53,Engineering,Manager,Bachelors,5.6,4.06,64314.4124,0
247,Male,32,Sales,Executive,Bachelors,1.0,4.23,68849.53,0
248,Female,44,HR,Manager,Masters,7.0,3.04,67116.438,0
249,Female,47,Engineering,Senior Manager,PhD,14.8,4.0,58087.236000000004,1
250,Female,55,HR,Manager,Bachelors,6.5,3.73,65923.152,0
251,Male,55,Marketing,Manager,Masters,9.9,2.75,71944.11,1
252,Male,50,Finance,Executive,Masters,1.4,4.06,83589.85,0
253,Female,25,Engineering,Senior Manager,Masters,5.3,3.61,65683.49200000001,0
254,Male,38,Engineering,Executive,Bachelors,8.8,2.28,71537.13,0
255,Male,56,Marketing,Manager,Bachelors,7.4,3.29,77745.2,0
256,Female,34,Sales,Director,Bachelors,10.3,3.53,76373.64360000001,0
257,Female,36,Finance,Senior Manager,Masters,4.6,3.08,50825.2712,1
258,Female,50,Engineering,Manager,Bachelors,0.0,4.36,47117.9748,0
259,Female,50,Finance,Senior Manager,PhD,11.5,4.39,87797.61480000001,0
260,Male,32,Engineering,Senior Manager,Bachelors,3.3,3.23,80561.13,0
261,Female,53,Finance,Senior Manager,Bachelors,9.0,3.16,61372.464,0
262,Female,23,HR,Manager,Masters,8.8,3.41,64671.8876,0
263,Male,35,Engineering,Executive,Masters,0.3,3.36,64111.57,0
264,Male,41,Finance,Executive,Bachelors,11.2,3.09,73169.21,1
265,Female,43,Sales,Executive,Bachelors,4.7,1.0,50988.6448,1
266,Female,32,HR,Manager,PhD,7.2,4.73,75994.3,0
267,Female,48,HR,Executive,Bachelors,5.6,3.5,66821.25600000001,0
268,Female,24,Sales,Manager,Bachelors,13.5,3.38,67320.4572,0
269,Male,38,Finance,Executive,Masters,12.4,3.73,56590.86,0
270,Male,49,Marketing,Executive,Bachelors,0.0,3.44,77864.01,0
271,Female,50,Sales,Senior Manager,Bachelors,16.0,3.2,52380.5956,0
272,Female,42,Finance,Manager,Bachelors,4.3,2.8,54848.3208,1
273,Female,37,Sales,Executive,Bachelors,15.4,2.21,65609.1836,1
274,Female,58,Sales,Senior Manager,Bachelors,6.0,2.55,99001.1816,1
275,Male,41,Engineering,Executive,Bachelors,5.6,2.72,72571.99,0
276,Male,27,Finance,Senior Manager,Bachelors,6.0,3.96,31467.99,0
277,Female,40,Marketing,Senior Manager,Bachelors,5.4,4.01,55533.48160000001,0
278,Female,26,Engineering,Executive,Masters,17.1,2.88,73835.4648,1
279,Female,24,Sales,Senior Manager,Bachelors,6.7,1.64,48827.2428,1
280,Female,22,Sales,Manager,Bachelors,5.8,3.51,75869.2168,0
281,Female,59,Sales,Manager,Masters,7.3,3.2,66591.7252,0
282,Male,36,Finance,Executive,Masters,3.1,3.19,84869.91,1
283,Male,55,Finance,Executive,Bachelors,13.4,4.17,61617.19,1
284,Male,56,Engineering,Director,PhD,1.1,3.6,60448.24,1
285,Female,46,Marketing,Executive,Bachelors,4.5,2.82,72196.7976,0
286,Male,45,Engineering,Manager,Bachelors,10.7,2.66,69887.07,0
287,Male,33,HR,Manager,Masters,7.2,3.32,68979.66,0
288,Male,39,Sales,Manager,Masters,9.2,2.87,93534.55,0
289,Male,36,Sales,Executive,Bachelors,13.1,3.45,79062.11,0
290,Female,37,Sales,Executive,Bachelors,11.0,4.22,36939.067200000005,1
291,Male,48,Engineering,Senior Manager,Masters,7.5,2.53,81986.02,1
292,Male,29,Engineering,Executive,Bachelors,15.4,3.56,80484.53,0
293,Female,46,Sales,Executive,PhD,4.5,4.14,80751.7764,0
294,Male,38,Engineering,Executive,Bachelors,6.6,3.44,55904.52,0
295,Male,50,Finance,Manager,Masters,6.9,4.01,74872.09,0
296,Male,29,Finance,Senior Manager,Masters,6.6,3.3,71674.45,0
297,Female,36,Engineering,Executive,Masters,2.7,3.62,51184.6784,0
298,Male,48,Sales,Executive,Masters,0.7,3.81,84201.5,0
299,Female,28,Engineering,Executive,Masters,8.7,3.1,61066.6652,0
300,Male,24,Engineering,Senior Manager,Bachelors,4.5,4.89,87290.99,0
301,Male,50,Engineering,Manager,Bachelors,14.6,3.9,58857.12,0
302,Male,45,HR,Manager,Bachelors,6.7,4.41,48091.22,0
303,Male,24,Finance,Senior Manager,Masters,6.0,4.25,66361.51,1
304,Female,41,Marketing,Manager,Masters,11.4,3.73,67600.404,0
305,Female,36,Marketing,Senior Manager,Bachelors,8.6,4.47,57028.0952,0
306,Female,46,HR,Senior Manager,Bachelors,6.3,3.63,22110.498000000003,1
307,Male,51,Engineering,Executive,Bachelors,4.4,2.99,75754.74,0
308,Male,35,HR,Executive,Masters,21.6,3.51,75684.71,1
309,Female,28,HR,Executive,Bachelors,8.4,2.8,73882.9092,1
310,Male,38,Sales,Executive,Masters,11.3,2.03,64292.61,1
311,Male,41,Finance,Director,PhD,2.9,2.9,63474.22,0
312,Male,57,Marketing,Manager,Bachelors,4.7,3.55,91604.83,1
313,Male,30,Engineering,Executive,Bachelors,15.4,4.24,46368.93,1
314,Female,59,Marketing,Senior Manager,Bachelors,12.6,2.9,60989.7716,0
315,Female,43,Marketing,Manager,Bachelors,8.8,4.21,66363.7676,0
316,Female,23,Finance,Executive,Bachelors,5.5,2.65,72763.1036,0
317,Male,45,Marketing,Executive,Bachelors,6.1,2.86,72546.51,1
318,Male,29,Marketing,Manager,Masters,4.3,4.51,56170.11,0
319,Male,32,HR,Senior Manager,Bachelors,2.4,3.53,87514.21,1
320,Male,34,Finance,Executive,Bachelors,10.7,3.38,70028.61,0
321,Male,38,Sales,Executive,PhD,9.2,3.66,44979.96,1
322,Female,29,Engineering,Manager,Masters,9.9,2.66,67286.63799999999,0
323,Female,42,Marketing,Executive,Bachelors,5.7,3.27,70958.818,0
324,Male,39,Engineering,Manager,Masters,8.0,3.5,99411.16,0
325,Female,51,Sales,Manager,Bachelors,5.3,4.36,70040.7684,0
326,Female,39,Engineering,Executive,Masters,4.1,2.33,43948.05040000001,0
327,Female,52,Sales,Director,Masters,13.7,4.73,44432.761600000005,0
328,Female,59,HR,Manager,Masters,7.5,3.41,81770.1888,1
329,Male,53,Marketing,Executive,Bachelors,9.0,2.72,57957.95,1
330,Male,32,Sales,Manager,Masters,10.3,2.6,46756.28,1
331,Male,46,Engineering,Senior Manager,Bachelors,7.5,3.69,85007.66,0
332,Female,54,Marketing,Senior Manager,Bachelors,8.0,2.56,57834.8432,0
333,Male,59,HR,Executive,Bachelors,2.7,3.11,84205.21,0
334,Male,29,Marketing,Director,Bachelors,3.4,3.33,56279.21,1
335,Male,32,Sales,Manager,Bachelors,3.2,4.3,92107.19,0
336,Male,43,HR,Executive,Masters,9.4,4.21,83080.96,0
337,Female,45,Engineering,Executive,PhD,7.3,3.05,54426.9424,0
338,Female,38,HR,Executive,Bachelors,3.4,3.35,41486.6088,0
339,Male,33,HR,Senior Manager,Bachelors,9.3,2.38,104577.46,0
340,Male,53,Finance,Executive,Bachelors,9.2,2.07,66846.88,1
341,Male,36,HR,Executive,Bachelors,4.2,2.64,58559.03,0
342,Male,37,HR,Senior Manager,Bachelors,6.9,4.29,90794.62,0
343,Male,43,Marketing,Executive,PhD,9.2,4.05,84186.4,0
344,Male,49,Engineering,Executive,Bachelors,3.6,3.77,87741.95,0
345,Male,41,Marketing,Executive,Bachelors,9.3,2.48,68522.38,0
346,Female,54,Marketing,Executive,Bachelors,8.2,3.0,90358.55440000001,0
347,Female,31,Sales,Executive,Masters,3.0,2.9,46313.471600000004,0
348,Male,53,Marketing,Manager,Masters,7.9,3.38,61719.26,0
349,Male,54,Finance,Executive,PhD,8.5,3.34,75848.18,0
350,Female,23,Finance,Executive,Masters,4.5,2.8,80519.9364,1
351,Male,54,Sales,Senior Manager,Bachelors,4.8,3.74,79917.39,0
352,Female,54,Engineering,Manager,Bachelors,3.0,3.66,63256.449199999995,0
353,Female,34,Engineering,Manager,Masters,5.2,2.99,57842.9576,0
354,Male,51,Marketing,Manager,Bachelors,7.0,3.71,87602.66,0
355,Male,54,Marketing,Executive,Masters,4.8,4.29,81465.94,0
356,Female,34,Marketing,Manager,Bachelors,1.1,4.5,52331.5688,0
357,Male,47,Engineering,Manager,Bachelors,4.2,3.84,56435.96,0
358,Female,43,HR,Executive,Masters,5.3,3.82,56872.265600000006,1
359,Female,23,Finance,Director,Masters,10.3,3.33,55102.0844,1
360,Female,59,HR,Executive,Masters,9.4,4.22,78611.8012,1
361,Male,47,HR,Senior Manager,Bachelors,10.3,2.75,76535.98,0
362,Female,36,Engineering,Executive,Masters,4.0,4.14,72097.4652,0
363,Male,55,HR,Senior Manager,Bachelors,7.6,3.3,72875.04,0
364,Male,32,Sales,Manager,Bachelors,0.0,4.54,73581.56,1
365,Female,24,Marketing,Senior Manager,Bachelors,8.7,3.91,42570.9208,0
366,Male,27,Sales,Executive,Bachelors,9.4,3.45,81912.75,0
367,Female,30,Finance,Manager,Bachelors,5.6,3.33,56623.9576,0
368,Female,27,Marketing,Manager,Bachelors,8.2,3.87,63942.4564,0
369,Male,30,HR,Senior Manager,Bachelors,0.9,3.83,62902.41,0
370,Male,52,Finance,Manager,Bachelors,3.8,3.22,72188.07,0
371,Male,53,Marketing,Manager,Bachelors,10.1,3.56,78596.41,0
372,Male,33,HR,Manager,Bachelors,9.0,4.13,54867.17,0
373,Male,29,Sales,Executive,Bachelors,5.4,2.55,73791.24,0
374,Female,29,Marketing,Manager,Masters,10.2,4.01,58203.7632,0
375,Male,49,HR,Executive,Bachelors,7.6,3.86,89821.88,0
376,Male,41,Sales,Director,Bachelors,5.0,4.33,53280.62,1
377,Female,28,Finance,Senior Manager,Bachelors,6.3,3.0,50565.279200000004,0
378,Male,32,Finance,Director,Masters,5.2,3.5,64606.45,0
379,Female,41,Finance,Executive,Masters,2.3,3.64,51626.1128,0
380,Male,37,Finance,Senior Manager,Masters,12.0,4.02,66634.28,0
381,Male,25,Engineering,Senior Manager,Masters,4.7,3.8,62081.72,0
382,Female,27,Marketing,Manager,Bachelors,3.7,2.63,65620.0948,1
383,Female,43,Marketing,Manager,Masters,0.9,3.7,78311.39360000001,1
384,Female,47,Engineering,Executive,Masters,0.0,4.9,65383.654800000004,0
385,Female,24,HR,Senior Manager,Bachelors,9.8,3.93,66640.49440000001,0
386,Female,35,HR,Manager,Bachelors,10.2,4.65,49808.9472,1
387,Male,32,Finance,Executive,Bachelors,11.8,4.23,67989.11,0
388,Male,39,Sales,Executive,PhD,6.4,4.45,63673.68,1
389,Female,33,HR,Director,Masters,5.7,3.72,73806.6412,0
390,Female,44,Sales,Senior Manager,Masters,5.0,3.87,53848.98,0
391,Female,33,Marketing,Director,Bachelors,5.3,3.68,52522.9564,0
392,Male,34,Sales,Manager,Bachelors,11.5,3.5,74761.44,0
393,Male,46,Marketing,Executive,Bachelors,6.9,4.02,99701.55,1
394,Female,40,Engineering,Executive,Bachelors,8.5,3.14,61971.90840000001,0
395,Male,57,Engineering,Executive,Masters,5.2,4.82,72523.13,0
396,Female,29,Finance,Executive,Masters,12.3,2.85,77482.70360000001,0
397,Female,50,HR,Executive,Bachelors,0.0,4.07,71436.6752,0
398,Male,53,Finance,Executive,Masters,2.1,4.47,77747.19,1
399,Female,39,Marketing,Manager,Bachelors,8.5,3.38,63086.3412,0
400,Female,27,Finance,Director,PhD,14.0,2.72,63354.8524,0
401,Male,39,Sales,Manager,Bachelors,6.1,4.31,58672.77,0
402,Female,40,Marketing,Senior Manager,Bachelors,3.6,3.64,71111.952,0
403,Male,43,Engineering,Manager,Bachelors,11.0,4.07,76953.32,0
404,Female,58,HR,Executive,Bachelors,8.3,3.42,74296.87240000001,0
405,Male,53,Marketing,Executive,Bachelors,12.2,4.71,62678.43,0
406,Female,24,Marketing,Executive,Masters,1.8,2.02,75855.85840000001,0
407,Male,49,Sales,Executive,Masters,11.8,3.76,87000.02,1
408,Male,31,HR,Manager,Masters,0.8,4.44,51790.63,0
409,Female,56,Engineering,Executive,Bachelors,5.8,3.57,60303.15720000001,1
410,Male,50,Marketing,Executive,Masters,8.7,3.71,87625.35,0
411,Male,36,Marketing,Executive,Bachelors,7.7,3.2,60256.66,0
412,Female,54,Sales,Director,Bachelors,11.2,3.51,71696.92480000001,0
413,Female,28,Finance,Senior Manager,Masters,0.0,2.33,64518.3488,1
414,Female,33,Engineering,Senior Manager,Masters,7.6,3.0,68966.1348,0
415,Female,51,HR,Executive,Bachelors,11.8,2.95,64938.9728,1
416,Male,42,Marketing,Senior Manager,Bachelors,7.2,3.97,81192.56,0
417,Male,52,Marketing,Senior Manager,PhD,2.4,3.1,54677.24,0
418,Male,45,Engineering,Manager,Bachelors,11.0,3.12,56300.15,0
419,Female,41,Finance,Director,Bachelors,4.4,3.24,84610.284,0
420,Female,58,Marketing,Executive,Masters,3.7,2.98,93385.014,0
421,Female,25,Engineering,Director,Bachelors,3.2,3.69,64325.213200000006,0
422,Female,49,Sales,Director,Bachelors,6.2,3.76,88070.6708,0
423,Male,41,Finance,Executive,Bachelors,7.7,4.08,58423.38,1
424,Male,45,HR,Manager,Masters,1.9,3.96,62026.21,1
425,Male,53,Marketing,Director,Masters,2.7,3.89,91862.31,1
426,Male,57,Engineering,Executive,Masters,4.2,3.27,82061.6,0
427,Male,55,Sales,Manager,PhD,3.2,3.22,94096.41,0
428,Female,57,HR,Director,Masters,7.1,2.89,70866.0728,0
429,Male,23,Engineering,Manager,Bachelors,8.4,2.88,54811.81,0
430,Male,36,Engineering,Executive,Bachelors,7.9,3.64,73353.66,1
431,Male,55,HR,Manager,Masters,7.9,3.0,88030.04,0
432,Female,57,Sales,Executive,Masters,13.7,4.53,62568.252400000005,0
433,Female,27,Sales,Manager,Masters,8.7,3.47,60447.22,0
434,Male,33,Finance,Executive,Masters,10.1,4.55,77257.8,0
435,Male,24,Marketing,Manager,Bachelors,5.3,3.9,61607.41,0
436,Female,39,HR,Manager,Bachelors,10.8,2.96,68477.9092,1
437,Male,42,HR,Senior Manager,Bachelors,5.2,3.46,70952.52,1
438,Female,36,HR,Manager,Bachelors,8.6,2.33,57632.2776,0
439,Female,54,Sales,Manager,Bachelors,1.5,3.63,77934.1752,0
440,Male,56,Marketing,Manager,Masters,7.7,3.02,79689.82,1
441,Male,47,Finance,Executive,Masters,3.1,2.72,64694.94,1
442,Female,29,Engineering,Manager,Bachelors,10.7,4.57,64193.5336,0
443,Male,57,Engineering,Executive,Bachelors,10.5,4.22,65930.87,0
444,Male,51,HR,Director,Bachelors,5.1,4.2,60420.29,0
445,Female,44,Marketing,Executive,Bachelors,15.2,4.05,40963.873999999996,1
446,Female,35,Sales,Manager,Masters,5.9,2.64,57723.1736,0
447,Female,35,Marketing,Manager,Masters,0.6,3.22,55788.4228,0
448,Female,23,Marketing,Manager,Masters,3.9,3.26,65985.4912,0
449,Male,58,Sales,Executive,Masters,2.8,2.3,76610.48,0
450,Male,26,HR,Manager,Masters,8.5,3.11,57967.23,0
451,Female,59,Marketing,Manager,Bachelors,2.1,3.12,69554.26320000002,0
452,Female,35,Engineering,Senior Manager,Bachelors,4.8,3.59,51203.8052,0
453,Male,46,Sales,Executive,Bachelors,8.3,5.0,68120.61,0
454,Female,41,Finance,Manager,PhD,7.6,3.49,56086.6132,0
455,Male,23,HR,Manager,Bachelors,6.9,3.59,81192.6,0
456,Male,27,Sales,Manager,Bachelors,7.5,3.32,71751.6,0
457,Male,38,Finance,Manager,Masters,5.5,4.02,68347.48,1
458,Male,46,Finance,Manager,PhD,0.6,2.75,60621.25,0
459,Male,49,Marketing,Executive,Masters,5.4,4.83,65067.38,0
460,Male,23,Marketing,Executive,Bachelors,8.9,3.41,97435.91,0
461,Male,56,Marketing,Executive,Bachelors,6.5,3.22,62483.74,0
462,Female,58,Sales,Executive,Bachelors,8.6,4.18,71015.812,0
463,Female,26,Sales,Manager,Bachelors,4.7,2.88,62845.4852,0
464,Female,22,HR,Manager,Bachelors,11.0,4.0,70621.38960000001,1
465,Female,33,Marketing,Executive,Bachelors,0.0,4.48,75950.2688,0
466,Male,57,Finance,Director,PhD,7.6,3.33,64690.32,0
467,Male,44,Engineering,Executive,Bachelors,12.4,4.94,80646.6,0
468,Female,52,HR,Senior Manager,Masters,13.0,3.95,102441.6228,0
469,Male,32,Sales,Manager,Masters,6.1,3.96,78513.1,0
470,Female,31,HR,Executive,Bachelors,1.7,4.46,86667.42240000001,0
471,Male,24,HR,Executive,Masters,12.5,4.64,77215.69,0
472,Female,35,HR,Manager,Bachelors,6.8,3.68,51538.933600000004,1
473,Male,37,HR,Executive,Bachelors,6.4,4.06,74135.41,0
474,Female,31,Engineering,Director,Masters,3.4,4.48,59840.7008,0
475,Male,50,Marketing,Manager,Bachelors,2.0,2.69,61060.89,0
476,Female,31,Finance,Director,PhD,9.3,2.29,63398.322400000005,1
477,Male,33,HR,Executive,Bachelors,9.7,3.46,67678.75,0
478,Female,51,HR,Senior Manager,Masters,7.8,2.27,49773.0396,1
479,Female,22,HR,Manager,Bachelors,3.9,3.28,101776.76640000001,1
480,Male,26,Marketing,Senior Manager,Bachelors,2.7,3.72,82118.06,1
481,Female,41,Sales,Executive,Bachelors,1.3,3.31,67772.58200000001,0
482,Female,29,Sales,Manager,Masters,4.8,3.4,65640.344,0
483,Male,33,Engineering,Manager,Masters,3.0,2.8,88035.23,0
484,Female,22,Sales,Senior Manager,Masters,0.2,4.05,93042.8752,0
485,Female,41,HR,Executive,Bachelors,9.6,2.76,73854.1776,0
486,Female,49,HR,Senior Manager,Masters,1.7,2.03,66072.45880000001,0
487,Male,58,HR,Executive,Masters,10.9,3.35,92089.66,1
488,Male,58,Engineering,Senior Manager,Masters,8.6,4.14,72135.39,0
489,Female,33,HR,Senior Manager,Bachelors,8.2,3.56,70407.34240000001,1
490,Female,58,Sales,Senior Manager,Masters,13.7,2.68,78213.94720000001,0
491,Male,49,Marketing,Manager,Masters,1.9,3.57,64202.81,1
492,Female,36,Marketing,Manager,Bachelors,10.5,3.81,35753.48160000001,0
493,Male,27,Finance,Director,Masters,5.8,3.56,63473.8,0
494,Male,41,Sales,Executive,Masters,17.3,3.31,81595.01,0
495,Male,35,HR,Manager,Bachelors,5.5,3.84,80538.26,1
496,Male,23,Marketing,Manager,Bachelors,4.8,2.28,90140.05,0
497,Female,30,Sales,Senior Manager,Bachelors,8.7,2.87,58923.7276,0
498,Male,58,Marketing,Executive,Masters,6.2,2.59,93713.88,0
499,Female,41,HR,Manager,Masters,4.0,4.44,66953.93840000001,0
500,Female,47,Marketing,Senior Manager,Bachelors,3.1,4.0,72740.904,0
501,Female,50,Finance,Executive,Masters,12.8,3.63,76869.8548,1
502,Male,22,Finance,Director,Masters,2.3,2.48,49275.02,0
503,Male,56,Marketing,Executive,Bachelors,7.9,4.02,54926.54,1
504,Female,27,Sales,Executive,Masters,11.2,4.47,50074.3488,0
505,Female,58,Sales,Executive,PhD,11.4,3.9,79196.5992,0
506,Male,26,Sales,Executive,Masters,4.6,3.48,65418.15,1
507,Female,54,Marketing,Director,Masters,6.2,3.94,92380.6316,0
508,Female,35,Sales,Executive,PhD,5.4,3.69,64446.588800000005,1
509,Female,33,HR,Manager,Masters,0.9,4.15,44095.0388,1
510,Female,41,Finance,Executive,Bachelors,9.2,4.13,55120.6408,0
511,Female,45,HR,Manager,Masters,7.2,3.35,66019.798,0
512,Male,55,Sales,Manager,Masters,12.8,3.04,77727.85,1
513,Female,46,HR,Executive,Masters,3.7,3.22,50809.2356,0
514,Female,50,Sales,Executive,Bachelors,11.4,3.88,72245.0332,1
515,Male,52,Marketing,Senior Manager,Masters,11.6,3.26,82533.14,0
516,Male,44,HR,Executive,Bachelors,7.2,2.97,60385.79,0
517,Male,59,Marketing,Manager,PhD,0.0,3.5,99537.36,0
518,Female,41,Marketing,Executive,Bachelors,4.9,4.28,57049.3012,0
519,Female,44,Engineering,Senior Manager,Bachelors,14.1,3.59,50601.683600000004,0
520,Male,37,Sales,Executive,Bachelors,8.2,3.31,47061.66,0
521,Female,29,Finance,Manager,Bachelors,9.8,3.72,81244.84120000001,0
522,Male,42,Sales,Executive,Masters,6.6,3.56,70343.24,0
523,Female,22,Finance,Director,PhD,6.1,2.15,57785.853200000005,1
524,Female,29,Sales,Executive,Masters,0.0,3.99,44056.8864,1
525,Female,50,Marketing,Senior Manager,Bachelors,10.2,3.79,59028.3408,0
526,Male,53,HR,Manager,Bachelors,11.3,3.51,105721.68,0
527,Male,59,HR,Executive,Masters,3.2,4.24,37832.69,0
528,Male,26,Engineering,Senior Manager,PhD,6.3,4.35,60525.12,0
529,Male,43,Finance,Executive,Bachelors,5.7,4.06,96891.76,0
530,Female,55,Finance,Senior Manager,Bachelors,8.7,2.9,81635.83200000001,0
531,Female,22,Finance,Director,Bachelors,4.8,2.93,56525.3612,0
532,Female,47,Marketing,Senior Manager,Masters,10.7,4.28,67209.61559999999,0
533,Female,31,Finance,Executive,Masters,7.3,2.19,70788.5352,0
534,Female,51,HR,Senior Manager,Bachelors,0.0,3.4,66246.9736,1
535,Female,39,Marketing,Manager,Bachelors,8.8,3.81,89025.41,0
536,Female,38,Sales,Senior Manager,Masters,11.0,2.27,69088.6052,0
537,Female,47,Finance,Manager,Bachelors,2.4,3.66,80070.1208,0
538,Male,29,Finance,Senior Manager,Bachelors,8.6,4.17,72723.98,0
539,Male,33,Sales,Manager,Masters,14.3,2.46,39514.17,0
540,Male,48,Finance,Manager,Bachelors,7.4,4.66,52113.81,1
541,Female,29,Sales,Executive,Bachelors,11.6,2.79,50808.683600000004,1
542,Female,46,Marketing,Senior Manager,Masters,5.2,3.9,60959.853200000005,1
543,Male,25,HR,Manager,Masters,6.9,3.44,101176.21,0
544,Female,54,Sales,Manager,Masters,6.2,3.55,69401.2764,1
545,Female,22,Engineering,Senior Manager,Masters,5.5,2.6,62940.1256,1
546,Male,40,Sales,Manager,Masters,6.4,4.38,88578.37,1
547,Male,52,Finance,Executive,Masters,0.5,3.73,48221.74,0
548,Female,37,Marketing,Manager,Bachelors,5.7,4.63,57642.2044,1
549,Male,35,Marketing,Manager,Masters,12.4,2.62,60440.07,0
550,Female,26,Sales,Manager,PhD,3.1,3.37,69892.9704,0
551,Male,47,HR,Executive,Bachelors,2.7,3.65,83437.54,0
552,Female,49,Engineering,Executive,Bachelors,7.2,3.54,70906.4976,0
553,Female,23,Marketing,Executive,Bachelors,7.4,3.97,71124.97,1
554,Female,27,Finance,Senior Manager,Bachelors,8.5,3.36,59416.6912,0
555,Female,30,Finance,Executive,Bachelors,6.5,4.99,68826.488,1
556,Male,54,HR,Manager,Masters,7.3,3.53,57402.43,1
557,Male,46,Marketing,Director,PhD,5.6,1.48,80112.08,0
558,Male,34,Sales,Executive,Bachelors,1.9,3.56,62490.95,0
559,Female,30,Finance,Manager,Bachelors,6.7,4.38,48923.171200000004,1
560,Female,34,HR,Senior Manager,Bachelors,9.9,2.85,64921.9068,0
561,Female,52,Marketing,Director,Masters,9.1,2.81,37998.999200000006,0
562,Male,32,Marketing,Senior Manager,Bachelors,0.0,2.91,92115.55,0
563,Male,25,Marketing,Senior Manager,Bachelors,8.0,2.75,81956.48,1
564,Male,55,Marketing,Senior Manager,Bachelors,3.4,3.16,75054.55,0
565,Male,59,Marketing,Manager,Bachelors,12.6,4.14,45644.73,0
566,Female,25,Finance,Senior Manager,Bachelors,8.3,4.57,54737.378000000004,0
567,Male,59,HR,Executive,Masters,10.6,1.8,70608.38,0
568,Male,40,Marketing,Director,Masters,7.1,3.24,66053.43,0
569,Female,27,Engineering,Manager,Masters,6.7,3.71,41097.8076,1
570,Male,55,Engineering,Manager,Bachelors,13.0,3.64,50253.56,1
571,Male,39,HR,Executive,Masters,10.9,4.83,65753.58,0
572,Female,34,Sales,Senior Manager,Masters,7.5,2.09,46690.607200000006,0
573,Male,44,Sales,Executive,Bachelors,6.2,1.69,90570.81,1
574,Female,40,Sales,Senior Manager,Masters,0.2,4.94,71224.6336,1
575,Female,32,Engineering,Senior Manager,Bachelors,8.3,4.03,53312.196800000005,0
576,Female,22,Sales,Executive,Masters,6.5,3.1,80534.3344,0
577,Male,45,Finance,Senior Manager,Bachelors,9.2,3.62,84515.6,0
578,Female,28,Marketing,Senior Manager,PhD,10.4,3.67,68387.6296,0
579,Male,46,Engineering,Manager,Bachelors,11.9,3.08,69406.21,0
580,Male,42,HR,Executive,Masters,8.3,3.6,65522.89,1
581,Male,36,HR,Executive,Masters,2.8,3.75,61900.92,0
582,Female,22,Marketing,Executive,Masters,0.0,4.91,45952.2704,0
583,Male,33,Engineering,Executive,Bachelors,3.7,4.17,92924.93,0
584,Male,28,Sales,Director,Bachelors,12.3,4.72,62192.3,1
585,Female,36,Sales,Executive,Masters,14.3,2.56,64789.1692,0
586,Male,42,Finance,Senior Manager,Bachelors,6.0,3.26,56346.28,1
587,Male,40,Finance,Executive,Bachelors,1.2,3.67,66108.24,0
588,Male,50,Sales,Manager,Masters,4.4,2.16,112761.66,0
589,Male,46,HR,Senior Manager,Masters,11.6,4.33,59110.03,0
590,Male,54,HR,Senior Manager,Bachelors,4.6,3.95,91728.94,0
591,Male,53,Finance,Executive,Bachelors,9.4,3.24,69582.92,0
592,Female,56,Marketing,Manager,Bachelors,7.7,3.37,73783.1536,0
593,Male,59,Sales,Manager,Masters,9.8,4.38,88668.7,0
594,Male,47,Finance,Executive,Masters,14.3,2.94,74084.01,0
595,Female,32,Finance,Executive,Masters,9.4,4.41,59546.4388,0
596,Male,56,Sales,Manager,PhD,7.6,3.32,67208.64,0
597,Female,29,Sales,Manager,Bachelors,14.7,4.03,62296.48440000001,1
598,Male,35,HR,Senior Manager,Bachelors,8.4,3.56,97965.56,0
599,Male,31,Marketing,Executive,Bachelors,3.8,5.0,47738.11,1
600,Male,23,Marketing,Manager,Bachelors,9.7,2.88,43439.1,0
601,Male,30,Sales,Manager,PhD,8.8,3.1,44439.21,0
602,Male,24,Engineering,Senior Manager,Masters,5.8,2.45,56591.03,0
603,Male,42,Finance,Senior Manager,Bachelors,4.9,2.73,80501.25,0
604,Male,47,Finance,Manager,Bachelors,5.8,4.0,81421.29,0
605,Male,29,Sales,Senior Manager,Masters,4.9,4.62,60887.46,0
606,Male,23,Engineering,Executive,Masters,5.9,4.08,69572.63,0
607,Male,27,HR,Manager,Bachelors,3.6,3.5,53255.52,0
608,Male,49,Sales,Executive,PhD,8.5,2.87,54646.72,1
609,Male,50,Sales,Manager,Masters,8.2,4.13,78698.0,1
610,Female,47,Finance,Senior Manager,Bachelors,8.4,2.84,78858.0392,0
611,Male,46,Sales,Senior Manager,Masters,6.8,2.56,62847.72,0
612,Female,33,Sales,Executive,Bachelors,6.3,3.28,86963.2116,1
613,Female,26,Sales,Manager,PhD,12.8,2.08,77725.3536,1
614,Male,55,Finance,Manager,PhD,7.3,2.53,93875.89,0
615,Female,58,HR,Executive,Masters,12.1,4.82,60247.0556,0
616,Female,36,HR,Executive,Masters,3.0,2.4,85385.4668,1
617,Male,57,Sales,Executive,Bachelors,9.4,2.67,102693.14,1
618,Male,36,Finance,Executive,PhD,4.1,3.55,63812.24,0
619,Female,44,HR,Executive,Masters,4.8,3.59,62272.463200000006,0
620,Female,27,HR,Executive,Masters,5.4,3.34,51321.4824,0
621,Male,42,HR,Executive,PhD,5.1,2.1,52836.77,1
622,Male,44,Finance,Senior Manager,PhD,5.1,4.09,53011.73,1
623,Male,37,Finance,Manager,Masters,11.9,3.19,57828.01,1
624,Male,36,Sales,Director,Bachelors,7.2,4.35,74121.07,0
625,Female,46,Marketing,Manager,PhD,7.9,3.05,53785.0492,1
626,Male,57,HR,Senior Manager,Masters,5.2,4.19,73662.44,0
627,Male,32,Marketing,Senior Manager,PhD,10.4,4.41,73972.68,1
628,Female,36,Finance,Manager,Masters,8.4,3.17,57912.2796,0
629,Male,25,Finance,Manager,Bachelors,5.8,4.12,69060.44,1
630,Male,42,Finance,Senior Manager,Bachelors,0.7,2.57,62081.31,0
631,Female,34,Marketing,Executive,Masters,7.9,3.68,60111.788,0
632,Female,43,Finance,Executive,Masters,9.3,4.36,53237.6952,1
633,Male,40,Sales,Manager,Bachelors,3.1,3.86,71261.57,0
634,Male,55,Finance,Manager,Masters,5.8,5.0,60991.81,1
635,Male,35,Engineering,Executive,Bachelors,9.1,3.9,52509.01,1
636,Male,25,Marketing,Director,Masters,0.7,3.24,78901.43,0
637,Male,48,Engineering,Manager,Bachelors,4.4,5.0,79409.37,0
638,Male,50,Finance,Manager,Bachelors,8.5,4.64,86675.48,1
639,Male,49,Sales,Director,Bachelors,11.4,2.38,54634.04,1
640,Male,56,HR,Manager,Bachelors,15.7,2.95,62786.09,1
641,Male,29,Finance,Director,Bachelors,14.8,2.77,73457.43,1
642,Male,37,Sales,Manager,Bachelors,7.6,3.95,62469.4,1
643,Male,57,Marketing,Executive,Bachelors,5.1,3.9,78563.68,0
644,Male,51,Engineering,Senior Manager,PhD,10.7,3.89,77468.99,1
645,Male,39,Engineering,Manager,Masters,4.8,2.36,77189.43,0
646,Female,23,Engineering,Senior Manager,Bachelors,4.0,3.05,84543.4092,0
647,Female,34,Marketing,Director,PhD,5.8,3.4,73288.2672,1
648,Female,25,Sales,Senior Manager,Bachelors,5.3,2.22,66523.7004,0
649,Female,47,Marketing,Manager,Masters,8.7,2.89,61729.212400000004,0
650,Male,46,Engineering,Senior Manager,Masters,4.6,4.45,68142.04,0
651,Male,51,Finance,Manager,Bachelors,7.3,2.41,54036.85,0
652,Male,32,HR,Manager,Bachelors,13.4,4.52,43514.35,0
653,Female,28,Marketing,Senior Manager,Bachelors,7.5,4.26,70799.8328,1
654,Female,52,Marketing,Executive,Bachelors,13.1,3.3,81286.13080000001,1
655,Male,31,Sales,Senior Manager,Masters,11.8,3.05,65048.28,0
656,Male,34,Sales,Senior Manager,Bachelors,9.4,4.08,93806.41,1
657,Male,52,Marketing,Senior Manager,Bachelors,5.6,2.95,67352.31,1
658,Male,28,Engineering,Manager,Bachelors,11.2,2.98,40693.42,0
659,Female,57,HR,Senior Manager,Bachelors,6.0,3.48,77071.8408,0
660,Female,41,Sales,Manager,Masters,7.0,2.01,57785.825600000004,0
661,Male,25,Engineering,Senior Manager,Bachelors,8.3,2.49,85131.68,0
662,Female,28,Finance,Executive,Masters,7.0,3.28,46770.1228,0
663,Female,22,Sales,Executive,Bachelors,4.1,3.83,70086.2072,1
664,Male,34,Engineering,Executive,Bachelors,0.9,2.94,57993.08,0
665,Male,43,Engineering,Manager,Masters,10.8,3.36,73021.07,1
666,Male,42,HR,Manager,Bachelors,9.3,2.37,81499.1,1
667,Male,43,HR,Senior Manager,Masters,0.1,4.15,78016.02,0
668,Male,49,Finance,Manager,Masters,4.0,3.65,71040.52,0
669,Male,30,Engineering,Manager,Bachelors,7.7,3.72,49323.11,0
670,Male,47,Engineering,Executive,Bachelors,8.8,3.84,80955.16,1
671,Male,30,HR,Manager,Bachelors,0.9,3.55,85471.46,1
672,Female,36,Sales,Manager,Bachelors,6.6,3.16,50006.6368,0
673,Male,31,Sales,Executive,Bachelors,9.2,4.29,56559.56,0
674,Male,45,Marketing,Executive,Bachelors,5.6,3.61,86103.36,0
675,Male,29,HR,Executive,Bachelors,8.0,3.38,66873.38,0
676,Female,45,Marketing,Executive,Masters,5.0,3.49,52392.436,0
677,Male,37,HR,Manager,Masters,10.6,3.48,74088.32,0
678,Male,47,Finance,Executive,Masters,3.8,3.38,60422.13,0
679,Female,48,Engineering,Senior Manager,Bachelors,2.4,3.81,66622.3796,0
680,Female,58,Finance,Senior Manager,Bachelors,7.1,2.84,58697.74800000001,0
681,Female,25,HR,Manager,Masters,1.3,2.9,59880.3528,0
682,Male,45,Engineering,Director,Masters,0.0,3.89,86655.96,1
683,Male,40,Sales,Manager,Masters,11.3,3.4,32972.13,1
684,Female,57,Sales,Manager,Bachelors,3.1,4.18,72055.5592,0
685,Female,31,Marketing,Director,Masters,1.7,3.79,77447.21919999999,0
686,Female,46,HR,Executive,Masters,3.8,3.11,55816.4828,0
687,Female,39,HR,Director,Bachelors,3.6,3.9,77341.1616,0
688,Male,40,Sales,Executive,Bachelors,6.4,4.34,55614.64,1
689,Female,57,Finance,Manager,Masters,2.6,3.81,55292.23,0
690,Male,31,Engineering,Executive,Bachelors,9.0,3.97,58372.49,0
691,Male,54,Finance,Senior Manager,Bachelors,9.6,3.38,84269.38,0
692,Male,26,Finance,Manager,Masters,1.9,4.2,43825.78,0
693,Male,56,Sales,Senior Manager,PhD,4.5,3.09,94602.21,0
694,Male,55,Sales,Executive,Bachelors,4.9,3.74,65425.92,0
695,Male,54,Sales,Executive,Bachelors,6.3,5.0,79223.68,1
696,Female,42,Marketing,Executive,Bachelors,11.3,3.88,71696.1704,0
697,Male,38,Finance,Executive,Masters,11.6,3.21,72268.48,1
698,Female,43,HR,Director,Bachelors,17.0,3.2,56110.5332,0
699,Male,58,Engineering,Executive,PhD,0.0,3.45,88635.59,1
700,Male,36,Marketing,Senior Manager,Bachelors,3.3,4.1,62277.23,0
701,Male,56,HR,Senior Manager,Bachelors,14.3,3.6,59031.27,0
702,Male,49,Finance,Executive,Masters,0.0,3.05,83165.65,0
703,Male,28,Sales,Manager,Masters,14.2,3.04,72186.24,0
704,Male,53,Finance,Executive,Bachelors,7.6,3.61,90367.32,0
705,Male,32,Engineering,Executive,Bachelors,7.7,3.53,69059.99,0
706,Female,31,Marketing,Executive,PhD,1.9,3.82,55417.9204,0
707,Male,30,Marketing,Manager,Bachelors,5.2,4.14,74121.15,0
708,Female,35,Engineering,Manager,Masters,14.0,5.0,58222.8808,0
709,Male,34,HR,Manager,Bachelors,6.8,2.48,60671.16,1
710,Female,46,HR,Manager,Masters,5.2,3.98,75880.05440000001,0
711,Female,23,Marketing,Executive,Masters,8.6,3.57,89675.4636,0
712,Female,56,Marketing,Manager,Bachelors,6.2,2.21,60998.82440000001,1
713,Male,28,Sales,Senior Manager,Masters,8.4,4.37,55378.88,0
714,Male,42,HR,Executive,Bachelors,3.6,3.79,67698.15,0
715,Male,39,Engineering,Executive,Bachelors,6.7,4.06,77722.02,0
716,Female,24,HR,Senior Manager,Masters,4.4,2.31,67953.2148,0
717,Female,32,Sales,Executive,Bachelors,0.0,3.35,80880.4016,0
718,Female,45,Marketing,Manager,Masters,8.9,2.74,73578.24200000001,0
719,Male,40,Marketing,Executive,Bachelors,2.1,5.0,53448.86,0
720,Female,25,Sales,Executive,Bachelors,6.3,4.3,57592.2024,0
721,Female,47,Engineering,Executive,Bachelors,10.7,3.02,45344.4908,0
722,Male,59,Marketing,Executive,Bachelors,1.0,2.42,87170.19,0
723,Male,53,Finance,Manager,Bachelors,9.4,3.64,40121.69,0
724,Female,57,Marketing,Manager,Masters,5.8,4.26,46690.0184,0
725,Female,58,Finance,Senior Manager,PhD,3.1,2.29,57337.1232,0
726,Female,54,Sales,Senior Manager,Masters,15.1,2.85,72182.0592,0
727,Male,57,Sales,Manager,Bachelors,7.0,2.73,62175.2,0
728,Female,24,Marketing,Senior Manager,Bachelors,4.7,4.11,59359.8352,0
729,Male,30,HR,Executive,Bachelors,3.9,3.24,64817.08,0
730,Male,29,Finance,Manager,Bachelors,10.5,3.27,72591.74,0
731,Male,54,Engineering,Senior Manager,Masters,4.6,3.62,51692.33,0
732,Female,27,Marketing,Executive,Bachelors,10.0,2.89,51328.9528,1
733,Female,25,Engineering,Manager,Bachelors,7.0,2.49,87596.7512,0
734,Male,34,Marketing,Executive,PhD,11.5,4.46,76035.99,0
735,Male,23,HR,Manager,Bachelors,2.8,4.52,81411.73,0
736,Female,26,HR,Senior Manager,Bachelors,3.4,3.63,65200.7956,0
737,Male,48,HR,Senior Manager,Bachelors,5.9,3.68,67895.8,1
738,Female,53,HR,Senior Manager,Bachelors,6.2,4.38,70708.40320000002,1
739,Male,42,Sales,Senior Manager,Masters,5.6,3.61,80914.21,0
740,Male,29,Sales,Manager,Bachelors,17.5,3.21,82691.14,0
741,Male,59,Finance,Manager,Bachelors,15.3,3.53,68101.61,0
742,Male,29,Engineering,Executive,Bachelors,8.2,4.48,84330.65,0
743,Female,24,Marketing,Manager,Bachelors,8.7,3.54,30366.210000000003,0
744,Male,24,Marketing,Manager,Bachelors,6.1,3.03,83384.31,0
745,Male,43,Sales,Director,Masters,2.8,3.6,63596.41,1
746,Female,27,Marketing,Manager,Masters,6.3,3.96,72036.6808,1
747,Male,23,Sales,Manager,Masters,10.1,3.88,60260.08,0
748,Male,44,Finance,Manager,Bachelors,12.2,3.89,50099.58,1
749,Female,23,Engineering,Manager,Masters,11.0,2.92,69087.9152,1
750,Female,59,Finance,Senior Manager,Masters,1.0,4.04,43678.876800000005,0
751,Male,38,HR,Executive,Bachelors,5.8,3.52,64004.84,0
752,Female,56,HR,Manager,Masters,1.1,3.0,53188.46600000001,1
753,Female,55,HR,Senior Manager,Bachelors,11.7,4.03,61984.5492,0
754,Male,44,Finance,Manager,Bachelors,5.4,3.18,81958.14,0
755,Male,51,Marketing,Executive,Masters,6.8,2.4,62652.32,1
756,Female,29,Engineering,Manager,Bachelors,8.9,2.8,68741.16720000001,0
757,Female,43,HR,Senior Manager,Masters,18.1,3.37,74602.97480000001,0
758,Male,57,HR,Executive,Bachelors,8.1,3.9,60891.17,0
759,Female,26,HR,Senior Manager,Masters,6.0,2.9,56220.004,0
760,Female,34,Engineering,Senior Manager,PhD,2.0,3.33,83296.7356,0
761,Male,50,HR,Manager,Masters,12.8,2.65,68809.17,0
762,Male,52,Engineering,Director,Bachelors,6.3,4.19,77637.08,1
763,Male,37,HR,Senior Manager,Bachelors,13.6,4.7,77523.42,0
764,Female,51,Finance,Senior Manager,Bachelors,11.4,4.63,47867.77480000001,0
765,Male,37,Finance,Senior Manager,Bachelors,5.1,4.18,58586.86,0
766,Female,33,Engineering,Executive,Bachelors,1.4,4.1,69579.79320000001,0
767,Female,38,Finance,Executive,Masters,8.1,2.05,35871.0576,1
768,Female,37,Engineering,Manager,Masters,4.5,3.62,61484.0968,0
769,Male,33,Finance,Executive,PhD,7.2,3.15,57020.74,0
770,Female,29,Finance,Manager,Bachelors,11.2,4.12,79724.9828,0
771,Male,41,Engineering,Senior Manager,Bachelors,0.4,1.72,75191.73,1
772,Female,24,Marketing,Senior Manager,Bachelors,8.1,3.64,80839.19480000001,1
773,Male,37,Finance,Manager,PhD,10.0,3.35,69413.13,0
774,Male,51,HR,Senior Manager,Masters,10.2,4.28,68291.66,0
775,Female,44,Marketing,Senior Manager,Masters,1.5,4.58,60191.9752,0
776,Male,49,Engineering,Manager,PhD,8.7,2.85,62453.96,0
777,Male,26,Marketing,Executive,Masters,11.8,2.88,110269.85,0
778,Female,41,Sales,Manager,Bachelors,8.4,3.66,75538.9368,1
779,Female,22,Sales,Senior Manager,Bachelors,6.5,4.71,49686.5964,0
780,Female,51,Finance,Manager,Masters,11.6,3.54,100822.4596,0
781,Female,42,Finance,Manager,Bachelors,4.2,2.6,58811.276000000005,0
782,Male,41,HR,Executive,Bachelors,0.9,3.08,74817.28,0
783,Male,27,Marketing,Senior Manager,PhD,6.2,3.64,84093.96,1
784,Male,43,Sales,Senior Manager,PhD,9.1,3.67,46930.69,0
785,Male,39,Finance,Senior Manager,Masters,11.2,3.01,57590.1,0
786,Female,29,Marketing,Director,Masters,9.1,3.06,87144.67240000001,0
787,Female,53,Finance,Senior Manager,Masters,10.3,2.81,61297.364400000006,0
788,Male,54,Finance,Director,Bachelors,11.2,4.3,84980.05,0
789,Male,37,Sales,Director,Bachelors,5.6,2.92,63197.97,0
790,Female,33,Sales,Senior Manager,Masters,6.4,3.17,63088.181200000006,0
791,Male,59,Finance,Manager,Masters,12.1,3.15,96778.85,1
792,Female,55,Engineering,Executive,Bachelors,2.2,2.38,70437.6656,0
793,Male,35,Finance,Manager,PhD,8.7,2.9,64827.28,0
794,Female,57,Finance,Manager,Bachelors,4.1,4.36,54969.586,0
795,Male,54,HR,Executive,Bachelors,11.4,2.65,61121.87,0
796,Female,44,HR,Executive,Masters,6.9,2.83,81533.52799999999,0
797,Female,23,HR,Director,Bachelors,7.0,2.57,74963.87240000001,0
798,Female,42,Engineering,Senior Manager,Bachelors,13.9,3.44,48548.262,0
799,Female,23,Engineering,Senior Manager,Bachelors,2.7,4.82,65603.0656,0
800,Female,48,Finance,Manager,Masters,7.9,3.41,63477.93,1
801,Female,30,HR,Executive,Bachelors,6.3,3.55,68762.0788,0
802,Male,22,Engineering,Executive,Masters,9.1,2.94,60946.43,0
803,Female,32,Sales,Executive,Masters,14.7,3.46,79549.7136,1
804,Female,24,Finance,Executive,Bachelors,4.6,4.36,64381.51720000001,1
805,Male,44,Marketing,Executive,PhD,2.2,3.6,75601.55,0
806,Female,47,Finance,Director,Bachelors,3.8,4.99,53571.278000000006,1
807,Female,25,Marketing,Senior Manager,PhD,6.1,4.38,54266.476,0
808,Female,39,HR,Executive,Masters,7.3,3.44,101073.6564,0
809,Male,27,Marketing,Executive,PhD,7.5,3.43,97001.2,1
810,Male,56,HR,Manager,Bachelors,14.2,4.64,68954.78,0
811,Female,43,Sales,Executive,Bachelors,13.5,3.6,85555.4552,0
812,Female,36,Marketing,Director,Bachelors,12.2,4.49,81135.7752,0
813,Male,43,Finance,Manager,Bachelors,17.1,4.9,60621.83,0
814,Female,58,HR,Manager,Masters,10.3,3.36,54395.920000000006,0
815,Female,33,Finance,Executive,Bachelors,11.4,3.75,73627.738,0
816,Male,59,Engineering,Executive,Masters,10.2,4.19,73900.91,0
817,Female,39,HR,Manager,Bachelors,9.6,4.04,58852.335600000006,0
818,Male,56,Marketing,Senior Manager,Bachelors,8.6,4.03,80818.4,0
819,Male,51,HR,Manager,Masters,5.4,2.57,48362.76,0
820,Male,45,Finance,Executive,Bachelors,2.0,2.91,71725.02,1
821,Female,51,Sales,Manager,Masters,6.5,3.15,47302.858,0
822,Male,35,HR,Manager,Masters,9.3,4.35,51910.13,0
823,Male,27,Marketing,Senior Manager,Masters,7.3,2.64,59398.53,0
824,Male,24,Engineering,Executive,Bachelors,2.7,4.57,75449.31,1
825,Male,37,Sales,Executive,Masters,6.3,4.05,59871.44,1
826,Female,28,Engineering,Manager,PhD,6.1,4.31,47590.1004,0
827,Male,35,HR,Manager,Masters,6.8,2.85,77158.74,1
828,Male,30,Finance,Manager,Bachelors,9.0,3.55,92391.21,0
829,Female,36,Finance,Manager,Masters,9.8,3.71,73216.1392,0
830,Male,42,Marketing,Manager,Masters,5.0,3.68,97026.98,0
831,Male,56,Finance,Senior Manager,Masters,10.9,3.71,91137.68,1
832,Male,23,Sales,Manager,Bachelors,11.5,3.31,62688.58,0
833,Male,48,Finance,Director,Bachelors,8.3,3.59,79482.4,0
834,Male,23,Marketing,Manager,Masters,9.7,4.22,68625.54,1
835,Male,56,HR,Director,Bachelors,10.9,2.68,85931.5,1
836,Male,39,HR,Senior Manager,Masters,2.6,4.58,68622.83,0
837,Female,35,Finance,Executive,Bachelors,11.2,4.19,53515.986000000004,0
838,Male,41,Engineering,Senior Manager,Masters,3.8,2.82,90601.09,1
839,Female,39,HR,Executive,Bachelors,4.2,3.77,68785.5756,1
840,Female,31,Finance,Director,Bachelors,7.8,4.13,55243.28600000001,0
841,Male,46,Marketing,Manager,PhD,0.0,2.64,62519.11,1
842,Female,23,Finance,Executive,Masters,7.7,3.53,55155.094800000006,0
843,Male,46,HR,Manager,Masters,10.9,3.45,54973.79,1
844,Female,54,Marketing,Director,Bachelors,0.4,3.05,57810.2884,1
845,Male,57,Finance,Executive,Masters,11.4,3.56,75595.32,0
846,Male,52,Sales,Manager,Masters,4.2,3.08,70960.91,0
847,Male,35,Marketing,Senior Manager,Masters,7.8,4.46,63426.75,0
848,Female,22,Sales,Senior Manager,Bachelors,4.8,3.06,85038.0012,0
849,Male,37,Engineering,Manager,Masters,9.3,4.05,39840.5,1
850,Female,24,Marketing,Executive,Masters,11.1,2.34,68624.6768,1
851,Male,56,Sales,Executive,PhD,9.6,3.39,67858.61,0
852,Female,27,HR,Manager,Bachelors,7.0,3.51,51011.4976,0
853,Male,46,HR,Manager,Masters,5.1,3.36,75466.82,0
854,Female,34,Engineering,Director,Masters,6.7,3.22,61367.4776,0
855,Male,55,Marketing,Executive,Bachelors,9.6,3.03,88706.1,0
856,Male,29,Marketing,Manager,Bachelors,9.8,4.03,83020.98,0
857,Male,42,Marketing,Executive,Bachelors,9.2,4.2,98591.96,0
858,Male,55,Engineering,Executive,Bachelors,1.9,3.44,62750.23,0
859,Female,25,Marketing,Manager,Bachelors,6.9,2.73,83672.45440000002,0
860,Male,46,HR,Manager,Masters,4.5,4.76,52512.18,1
861,Female,36,Sales,Manager,Masters,9.7,2.88,62873.214,0
862,Male,25,HR,Director,Masters,3.9,2.48,63021.29,0
863,Male,33,HR,Manager,PhD,8.8,2.09,79036.68,0
864,Male,53,Sales,Director,Bachelors,5.9,3.57,78674.14,0
865,Male,53,HR,Senior Manager,Bachelors,0.0,3.35,56490.71,1
866,Female,49,Engineering,Manager,Masters,10.7,4.22,73483.04960000001,0
867,Male,34,Sales,Senior Manager,Bachelors,6.9,3.93,64292.66,1
868,Male,52,HR,Manager,Bachelors,12.1,3.7,57748.04,0
869,Female,35,Finance,Executive,Bachelors,0.3,3.31,64237.4176,0
870,Female,41,HR,Senior Manager,Bachelors,5.8,4.28,44019.5528,0
871,Male,39,Engineering,Executive,Masters,6.1,4.81,83969.6,1
872,Male,50,Marketing,Manager,Bachelors,8.1,4.21,69165.69,0
873,Female,27,HR,Senior Manager,Bachelors,1.7,3.18,63934.31440000001,0
874,Male,53,Marketing,Executive,Bachelors,9.2,4.05,68692.5,0
875,Male,50,Finance,Executive,Masters,14.6,3.22,94702.75,0
876,Male,23,HR,Director,Bachelors,8.9,2.73,92783.17,1
877,Female,44,Sales,Manager,Masters,7.4,2.87,83040.5064,1
878,Female,40,Marketing,Executive,Bachelors,1.5,3.25,63226.42960000001,0
879,Male,52,Finance,Manager,Bachelors,3.9,3.57,53265.63,0
880,Male,26,Sales,Manager,Masters,6.8,4.94,69760.31,0
881,Male,40,Sales,Manager,Bachelors,4.9,2.88,74716.01,0
882,Female,55,Sales,Director,Bachelors,11.1,4.43,75614.018,1
883,Male,31,Sales,Manager,Bachelors,9.1,3.28,74667.74,0
884,Male,46,HR,Executive,PhD,17.8,2.09,54602.59,0
885,Female,23,HR,Senior Manager,Bachelors,3.1,3.15,57011.2684,0
886,Male,32,HR,Senior Manager,Masters,7.1,4.32,60607.95,1
887,Female,52,Finance,Executive,Bachelors,1.5,3.74,71838.936,1
888,Male,36,Finance,Executive,Bachelors,0.0,3.78,78453.96,1
889,Male,30,Finance,Executive,Bachelors,9.9,4.43,80419.48,0
890,Male,44,Engineering,Manager,PhD,9.0,2.77,74515.54,0
891,Female,40,Finance,Manager,Bachelors,3.6,2.76,35983.0492,1
892,Female,30,HR,Manager,Bachelors,7.4,1.92,40583.132,0
893,Female,56,HR,Director,Bachelors,4.5,4.11,62465.414800000006,0
894,Male,42,Engineering,Senior Manager,Bachelors,5.0,3.89,71471.17,0
895,Female,30,Engineering,Executive,Bachelors,5.7,4.01,81700.5816,0
896,Male,49,Finance,Executive,Masters,3.4,2.67,71166.93,0
897,Male,28,Marketing,Manager,Bachelors,4.1,2.38,55360.76,0
898,Female,37,Engineering,Executive,Bachelors,4.2,2.58,73537.87240000001,0
899,Male,37,Sales,Manager,Masters,8.7,2.85,69741.22,0
900,Male,54,HR,Senior Manager,Bachelors,0.0,4.59,63969.18,0
901,Male,25,Sales,Executive,Bachelors,6.1,4.2,45781.01,1
902,Male,25,HR,Manager,Bachelors,2.6,3.18,71277.81,0
903,Male,38,HR,Senior Manager,Masters,2.8,3.71,73432.27,0
904,Female,58,Engineering,Manager,Bachelors,4.9,3.03,50653.1852,0
905,Male,50,Engineering,Executive,Bachelors,6.9,3.75,81165.37,0
906,Female,57,Sales,Manager,Bachelors,6.1,2.7,73436.194,1
907,Female,59,HR,Executive,Masters,2.7,4.03,65074.99480000001,0
908,Male,58,Sales,Director,Bachelors,9.9,2.91,70175.84,0
909,Male,56,Marketing,Executive,Masters,3.4,4.06,84190.57,0
910,Male,28,Sales,Manager,Masters,4.1,3.2,75512.96,0
911,Female,48,Finance,Manager,Masters,8.1,2.95,54708.8764,0
912,Male,49,Sales,Director,Bachelors,8.3,4.63,67035.28,1
913,Female,43,Finance,Executive,Bachelors,4.6,3.62,72084.52080000001,0
914,Male,35,Finance,Executive,Bachelors,0.0,3.27,39515.19,1
915,Female,28,Finance,Executive,Bachelors,3.5,4.03,51544.9412,1
916,Male,58,Marketing,Executive,Bachelors,7.6,2.56,80232.06,0
917,Male,43,Sales,Executive,Masters,9.8,4.27,88133.16,0
918,Female,26,Sales,Manager,Bachelors,6.7,3.4,78490.4716,0
919,Female,23,Marketing,Executive,Bachelors,5.1,3.92,76727.448,0
920,Male,48,HR,Executive,Masters,16.2,2.42,71946.16,0
921,Female,42,Engineering,Senior Manager,Masters,5.5,3.23,50201.134,0
922,Male,59,Sales,Executive,Bachelors,9.4,3.5,67050.65,1
923,Female,36,Engineering,Executive,Masters,1.7,4.22,36892.883200000004,1
924,Female,42,Marketing,Executive,Bachelors,2.6,3.98,82349.0528,0
925,Male,31,HR,Director,Masters,9.6,3.23,57743.31,1
926,Male,44,HR,Executive,Masters,11.2,3.72,61999.81,1
927,Male,26,HR,Senior Manager,Masters,5.4,4.38,85879.29,0
928,Male,22,Marketing,Senior Manager,Masters,0.0,3.36,45780.6,0
929,Female,34,Finance,Executive,Bachelors,6.3,3.28,47986.243200000004,0
930,Male,42,Finance,Director,Bachelors,7.8,2.18,74019.57,0
931,Male,47,Engineering,Executive,Masters,7.4,3.3,77805.71,1
932,Female,42,Finance,Executive,Bachelors,4.7,2.28,63410.53080000001,0
933,Female,39,Finance,Senior Manager,Masters,6.4,3.42,63860.65,0
934,Male,58,HR,Senior Manager,Bachelors,4.0,4.19,89025.67,0
935,Male,53,HR,Manager,Bachelors,2.6,2.02,79544.78,0
936,Male,57,Engineering,Executive,Bachelors,10.0,4.36,77517.55,0
937,Male,38,Sales,Manager,Bachelors,7.4,3.27,81634.7,1
938,Female,56,Engineering,Senior Manager,Masters,6.4,3.48,60251.85800000001,0
939,Male,32,Engineering,Executive,Masters,5.0,3.15,102597.48,0
940,Female,42,Marketing,Executive,Masters,6.3,2.3,32556.067600000002,0
941,Male,47,Marketing,Executive,Masters,7.6,2.95,91868.82,1
942,Female,25,Engineering,Executive,Masters,13.9,4.97,76849.0812,1
943,Female,55,Engineering,Senior Manager,Masters,9.6,2.73,67826.37440000002,0
944,Female,39,Engineering,Manager,Bachelors,4.3,2.39,65504.395599999996,0
945,Male,56,Finance,Director,Masters,4.4,3.6,67666.7,1
946,Male,50,Marketing,Executive,Bachelors,3.8,3.44,86551.65,1
947,Male,50,Engineering,Senior Manager,Bachelors,6.2,3.27,69402.03,0
948,Female,59,HR,Executive,Masters,3.8,3.51,54355.191600000006,1
949,Female,42,HR,Executive,Bachelors,8.9,3.95,76847.36080000001,0
950,Female,34,Finance,Executive,Bachelors,0.0,3.09,86269.77080000001,0
951,Female,38,Finance,Executive,Bachelors,9.1,3.64,37805.063200000004,1
952,Female,30,Sales,Manager,Bachelors,8.1,4.22,96927.8696,0
953,Male,22,Sales,Director,PhD,12.1,2.8,54449.03,0
954,Female,23,Sales,Manager,Bachelors,10.5,1.87,51147.8876,0
955,Male,50,Finance,Executive,Bachelors,4.3,3.97,51326.65,1
956,Male,54,Finance,Executive,Bachelors,10.1,5.0,70012.74,0
957,Male,31,Finance,Executive,Bachelors,6.3,3.49,50804.23,0
958,Male,42,HR,Manager,PhD,0.0,3.64,52626.1,0
959,Male,49,Finance,Senior Manager,Bachelors,7.6,3.29,59671.75,0
960,Female,32,HR,Director,Masters,4.5,4.61,66310.6928,1
961,Male,55,Sales,Executive,Masters,7.0,3.45,73522.8,1
962,Female,29,Sales,Manager,PhD,13.6,3.37,81528.52320000001,0
963,Male,43,Sales,Manager,Masters,7.9,4.14,88272.23,0
964,Male,29,Engineering,Manager,Masters,2.9,3.16,85369.17,0
965,Male,36,Engineering,Manager,Bachelors,10.9,2.6,66075.74,0
966,Male,38,Marketing,Manager,Bachelors,8.5,4.12,42382.27,0
967,Female,44,Marketing,Manager,Bachelors,2.5,3.09,38686.2576,0
968,Male,45,Marketing,Executive,Masters,0.6,2.82,85265.95,0
969,Female,40,Engineering,Senior Manager,Bachelors,3.1,4.97,76043.8144,0
970,Male,26,Engineering,Executive,Bachelors,10.3,3.37,60749.43,1
971,Female,53,Marketing,Manager,Bachelors,5.8,3.85,44517.8432,0
972,Female,22,Marketing,Manager,Bachelors,7.3,3.52,49949.31160000001,1
973,Female,44,Finance,Manager,Bachelors,1.6,2.88,66810.77720000001,0
974,Male,58,Marketing,Director,PhD,10.5,3.98,72648.41,1
975,Male,29,Finance,Senior Manager,Bachelors,0.0,3.72,85637.97,0
976,Male,34,HR,Senior Manager,Masters,4.4,3.04,63244.68,1
977,Female,29,Engineering,Manager,Masters,8.7,3.8,61032.30320000001,0
978,Male,44,Marketing,Senior Manager,Bachelors,2.5,3.14,86879.82,1
979,Male,22,Engineering,Manager,Bachelors,9.5,2.73,38123.58,0
980,Female,45,Engineering,Senior Manager,Bachelors,3.5,2.66,68780.8468,0
981,Male,56,Engineering,Manager,Bachelors,2.1,3.69,64986.57,0
982,Female,45,HR,Director,Masters,12.1,3.23,74236.088,0
983,Male,38,Sales,Director,Bachelors,7.6,4.55,77689.1,1
984,Male,26,Marketing,Senior Manager,Bachelors,9.1,3.47,59555.36,0
985,Female,41,Sales,Executive,Masters,11.1,2.95,57398.7816,1
986,Male,42,Sales,Executive,PhD,0.0,3.61,35470.37,0
987,Female,52,Sales,Senior Manager,Masters,9.5,2.59,74749.8804,0
988,Male,57,Engineering,Executive,Masters,4.0,3.44,73596.61,0
989,Male,32,Finance,Senior Manager,Masters,4.5,3.72,90977.69,0
990,Female,36,Engineering,Manager,Bachelors,8.7,3.64,58888.280000000006,0
991,Female,40,Engineering,Manager,Masters,5.5,4.41,77017.8276,0
992,Female,28,Sales,Director,Bachelors,9.4,5.0,49635.0212,0
993,Male,49,Engineering,Manager,Masters,6.8,3.97,29428.15,1
994,Female,26,Sales,Manager,Masters,7.7,4.33,63095.7068,1
995,Male,26,Finance,Manager,Bachelors,5.0,5.0,61499.77,0
996,Male,51,Marketing,Executive,Masters,2.7,2.8,54237.68,0
997,Female,53,Sales,Senior Manager,PhD,4.0,3.59,76793.8536,0
998,Male,29,Finance,Executive,Bachelors,6.6,3.17,88123.7,0
999,Female,31,Marketing,Director,Masters,14.3,4.09,65854.8144,1
1000,Male,59,HR,Senior Manager,Bachelors,12.9,3.69,67262.21,0
